{"cameraMode":{"drawMode":0,"name":"Shaded","section":"Shading Mode"},"sceneLighting":true,"audioPlay":false,"sceneViewState":{"m_AlwaysRefresh":false,"showFog":true,"showSkybox":true,"showFlares":true,"showImageEffects":true,"showParticleSystems":true,"showVisualEffectGraphs":true,"m_FxEnabled":true},"in2DMode":false,"pivot":{"x":39.80506134033203,"y":0.6523920297622681,"z":-34.56538009643555},"rotation":{"x":-0.050233401358127597,"y":-0.9068778157234192,"z":0.1138724535703659,"w":-0.40207648277282717},"size":1.4022700786590577,"orthographic":false}