{"cameraMode":{"drawMode":0,"name":"Shaded","section":"Shading Mode"},"sceneLighting":true,"audioPlay":false,"sceneViewState":{"m_AlwaysRefresh":false,"showFog":true,"showSkybox":true,"showFlares":true,"showImageEffects":true,"showParticleSystems":true,"showVisualEffectGraphs":true,"m_FxEnabled":true},"in2DMode":false,"pivot":{"x":39.9119987487793,"y":1.100000023841858,"z":-31.882999420166017},"rotation":{"x":-0.006567434873431921,"y":0.9493869543075562,"z":-0.020266976207494737,"w":-0.31284353137016299},"size":1.3418852090835572,"orthographic":false}