{"cameraMode":{"drawMode":0,"name":"Shaded","section":"Shading Mode"},"sceneLighting":true,"audioPlay":false,"sceneViewState":{"m_AlwaysRefresh":false,"showFog":true,"showSkybox":true,"showFlares":true,"showImageEffects":true,"showParticleSystems":true,"showVisualEffectGraphs":true,"m_FxEnabled":true},"in2DMode":false,"pivot":{"x":39.16281509399414,"y":2.1518607139587404,"z":-39.039398193359378},"rotation":{"x":0.18354232609272004,"y":-0.044839825481176379,"z":0.008138800039887429,"w":0.9817506670951843},"size":14.74446964263916,"orthographic":true}